{"type":"Generative_Adverserial_Network","activation_function_name":"identity","activation_function":{},"learning_rate":1,"discriminator":{"type":"Fully_Connected_Network","activation_function_name":"tanh","activation_function":{},"learning_rate":0.5,"length":4,"width":7,"weights":[{"data":[[-0.2764494451492875,0.35275201692154445,-0.7371989467363851,0.4069261010060209,-0.4303567512050759,0.9488104873079964,-0.7795966721377013],[0.37786618178310166,-0.36682679108106453,-0.9275577022041996,-0.9741815527683241,-0.9699982621420232,-0.5346383518019991,-0.5130690292854846],[-0.7785154301818926,-0.4590790733084152,0.6401285381894328,0.22669928939692513,-0.9802394442116467,0.7112031412086398,-0.5514922452184692],[0.9448959868977184,-0.20072716776890598,0.8522531830352463,-0.967294850499986,0.07098183045447257,0.29568783469477794,0.8645689665171689],[0.1216743091699428,-0.6593732413600263,0.907240429983932,0.36957422098148124,0.5923753359915008,-0.5680930822678137,-0.8785498544523943],[0.1485613856245796,0.027850518637786734,0.19989105803032584,0.20531326208549483,-0.12151586707710589,-0.6679398681647727,-0.196141902277587],[-0.2866941036575407,0.38275441950761013,-0.10482581139039081,-0.5178302280350783,0.4659817123639083,0.5389211799394544,-0.5751654419625201],[0.7559765843680978,-0.23985043964967512,0.5751072409932094,-0.7623605499759031,0.06545629104829534,-0.6036413753912855,0.38215987448033906],[-0.5116856268138293,0.5511031195181643,-0.664053263273655,0.02438147188346171,0.11363027440560185,0.4941938936843631,0.4674621477271676],[0.6512246227457247,0.09362030356918113,-0.38066684699728814,0.32350037452728986,0.5185176657827327,-0.33923444357445737,0.6129323886768379],[-0.19236746910126765,-0.3046074125253475,0.19431770054789532,-0.828112456059737,-0.8657742440813234,0.339885157240109,0.08935122355099834],[-0.6623252457682061,-0.46367842030976153,-0.46091093598016225,-0.6686532502608838,0.9008793456156271,-0.7251659173156708,0.20304155562869045],[-0.4300467555904414,-0.04267436410468925,-0.5009395498351867,-0.07386256922382417,-0.9881555747004461,-0.18345238407456946,-0.9802953160613601]],"rows":13,"cols":7},{"data":[[-0.8504942143301601,0.41458872432966154,-0.11936370456993399,-0.4162634645126715,-0.48277254556566074,0.2541565276427925,-0.1876190072025016],[-0.1323395343721104,-0.3757260629744646,0.16212352839762434,0.058943460631730504,0.32424551701693366,-0.7733605170340762,0.896571612048371],[-0.40644612003226377,-0.8769940205863893,0.6942354606663211,0.38599758187148697,0.12697644549917844,-0.8012769137411402,0.2746627342229999],[-0.35302432468037814,-0.9873403256123122,0.5596731185499348,-0.27263876824609884,-0.19870791727225584,0.6202610662507305,-0.09337496587214102],[-0.38908356028671354,0.03768524212423743,-0.7621505078155982,-0.3409770458533214,0.8596527028247578,-0.014748800561284798,-0.5546452752808609],[-0.22233144115303974,0.6322031540166267,1.0939956525493424,-0.504166183215776,0.573639509445217,0.3193155510327576,0.935510220252266],[0.7860447454872195,0.08545022044286436,-0.831121032556731,-0.004431253964925796,-0.9459706569249432,0.9536109060279814,0.060238406916940296]],"rows":7,"cols":7},{"data":[[0.13879702081743767,-0.5866499944972896,-0.7118637287914227,-0.6383600890094681,-0.8565983932325728,0.037382886816447095,0.6391613385192447],[-0.21338349844379703,0.22126853253292245,-0.5779602768792153,0.4366338208399975,0.5519795160121813,-0.8980121604243557,-0.6998143963679758],[0.2703377862317181,-0.6031590430899736,0.2583241905874369,-0.39638805171640745,-0.7426226081737439,-0.014414410186406199,0.4735261933552886],[-0.5280203775005323,0.8952852908497771,-0.14953310382859744,0.750579558888313,-0.8260759371499736,-0.8040970567478976,-0.5920470432485281],[0.5257027864333349,0.7883525838228632,0.7547471111878572,-0.033254472665387634,0.7118510492791043,-0.15097826742827028,-0.9556121411950317],[-0.05133050683902952,-0.13252207211591369,0.03693497240190814,0.775375621388371,-0.4673690286573363,-0.8419548372046077,0.07579639775701302],[0.8902769710454076,-0.5781953519608634,0.4673089216391517,0.31056463706751836,-0.6023881561421784,-0.7069227872556451,0.33544645789678246]],"rows":7,"cols":7},{"data":[[1.2968298587279652],[-1.2792480829911757],[0.11410437007054414],[-0.7976511189000478],[-0.7898029447034588],[-0.0058342312755218055],[1.0738398345029956]],"rows":7,"cols":1}],"biases":[{"data":[[-0.36458449748619,0.7941593066808472,0.061853665943517766,0.572064227632302,-0.8412416525511773,-0.18662093849805014,-0.7830330466620222]],"rows":1,"cols":7},{"data":[[-0.4325698044165397,0.4445057004752697,-1.526003507982274,1.7632905059884534,0.09399900930690018,-0.32176187490639296,-0.8472562330061191]],"rows":1,"cols":7},{"data":[[-0.8276855185056677,0.683901657201072,0.06644854039055277,1.0215014267598352,0.11662351207378226,-0.7172081532559953,-1.0813260541847995]],"rows":1,"cols":7},{"data":[[-5.187446075579248]],"rows":1,"cols":1}],"weight_deltas":[{"data":[[0,0,0,0,0,0,0],[0,0,0,0,0,0,0],[0,0,0,0,0,0,0],[0,0,0,0,0,0,0],[0,0,0,0,0,0,0],[0,0,0,0,0,0,0],[0,0,0,0,0,0,0],[0,0,0,0,0,0,0],[0,0,0,0,0,0,0],[0,0,0,0,0,0,0],[0,0,0,0,0,0,0],[0,0,0,0,0,0,0],[0,0,0,0,0,0,0]],"rows":13,"cols":7},{"data":[[0,0,0,0,0,0,0],[0,0,0,0,0,0,0],[0,0,0,0,0,0,0],[0,0,0,0,0,0,0],[0,0,0,0,0,0,0],[0,0,0,0,0,0,0],[0,0,0,0,0,0,0]],"rows":7,"cols":7},{"data":[[0,0,0,0,0,0,0],[0,0,0,0,0,0,0],[0,0,0,0,0,0,0],[0,0,0,0,0,0,0],[0,0,0,0,0,0,0],[0,0,0,0,0,0,0],[0,0,0,0,0,0,0]],"rows":7,"cols":7},{"data":[[0],[0],[0],[0],[0],[0],[0]],"rows":7,"cols":1}],"bias_deltas":[{"data":[[0,0,0,0,0,0,0]],"rows":1,"cols":7},{"data":[[0,0,0,0,0,0,0]],"rows":1,"cols":7},{"data":[[0,0,0,0,0,0,0]],"rows":1,"cols":7},{"data":[[0]],"rows":1,"cols":1}],"process":[{"data":[[null,null,null,null,null,null,null,null,null,null,null,null,null]],"rows":1,"cols":13},{"data":[[-0.3492457936734154,0.6607588330983463,0.06177492851909188,0.5168736634723209,-0.6864661795651877,-0.18448415971689247,-0.654444144892415]],"rows":1,"cols":7},{"data":[[-0.5627666345960884,-0.6116052921254868,-0.1778262317083967,0.973776356593238,0.295996092173403,-0.8676025352528322,-0.05182701596981376]],"rows":1,"cols":7},{"data":[[-0.8285634093611943,0.977412627478823,0.6618703241348731,0.8385978610428967,0.23186083231671975,-0.2421281590224081,-0.9667306150240544]],"rows":1,"cols":7},{"data":[[-0.9999999841149367]],"rows":1,"cols":1}]},"generator":{"type":"Fully_Connected_Network","activation_function_name":"softplus","activation_function":{},"learning_rate":0.1,"length":3,"width":13,