{"type":"Generative_Adverserial_Network","activation_function_name":"identity","activation_function":{},"learning_rate":1,"discriminator":{"type":"Fully_Connected_Network","activation_function_name":"tanh","activation_function":{},"learning_rate":0.5,"length":4,"width":7,"weights":[{"data":[[-0.6828497128033435,-0.9389871959253955,0.71562571123107,0.2652595130830365,-0.22098181532855588,0.4379049936997302,-0.537444123955721],[0.2666173499229245,-0.09025170150768291,-0.38739571698670705,0.7881197621844394,-0.907824366102564,0.6452658751116909,-0.8317072867701794],[-0.19654926492664293,-0.08090328520786194,0.2173041034944791,-1.2219517119520804,0.6751991971390239,0.6661810024064924,0.2578553317728667],[0.22510193006346801,0.9514691271793909,-0.3693230409815852,-1.6476061431461684,0.8886282255061788,-0.6695935923197227,-0.8400922367751016],[-0.47416318238847266,-0.833832440440966,-0.4751291078098022,0.8332967064395834,0.030653754640951103,0.46727414665944084,0.5432803609073202],[-0.6970569263085058,0.3401625834189934,0.6704509444652409,0.7213762546799549,0.6489247371152134,-0.4345110218924492,-0.2922943116928791],[0.7120603962876126,0.0306181929549747,0.8777898450825847,-0.5826921846997037,0.3697176556866282,0.05761938718952573,-0.059578579764497874],[0.4014645359932394,0.8762312485658863,0.9584135428086935,0.2437696392155052,-0.06676114546136569,-0.062458631238880645,-0.003326538087377262],[0.7297988486341795,0.8677472421661623,0.4410381884469935,-0.3996353927236218,-0.750422006629468,0.13630856598324195,0.07834866199434964],[-0.7557413321432938,-0.736971209821863,0.4287165852016819,-0.053624361758112665,0.3298932651381592,0.6137089605567114,0.43540760103353415],[-0.8420266120588678,0.544582462140716,0.6481112654048318,-0.3460568419229113,0.25257410458601415,0.7362666410231823,0.39976758723787365],[-0.35635346873941254,0.04450998173853682,-0.357990505383592,0.18728710784621994,0.5552278432594799,-0.7327692306350366,-0.35937439563056417],[-0.8524078455721362,0.035771076044686545,0.7219934654010705,-0.32692144931815964,-0.007920752536473508,0.039384832452807404,0.11777459554999492]],"rows":13,"cols":7},{"data":[[-1.0453214807873605,1.3435369766001832,-0.9721591142565151,0.41268614132921316,0.9308441761368892,-0.4781777759715658,0.4010549155751798],[-0.3702078043804439,0.3500214472541125,-0.4040414712629977,-0.9579466364168462,-0.7385985358105862,-0.31744582313541314,-0.30514377443794943],[1.1715886477153301,-0.10507047084434601,-0.19836855769628986,0.1465318412115507,0.4378520754572316,1.4204347080254618,-1.1444553054325215],[-0.674596427295579,0.4820105729520033,0.10159523388489106,0.17018824328416193,0.7335522060656005,-0.07152087506034067,0.46956701151933994],[1.2219856522326107,-0.252053442117714,1.4609083560702356,0.2763321825413816,-0.9244522068393749,0.38497523849733895,-0.4523009055793807],[-0.06212231666897796,-1.205036905806191,-0.41945329786074304,-1.1178999772905542,-1.1065822039649078,0.8467775627534805,0.10604433890730387],[-0.20230274315357763,0.5415487267232549,-0.9175283127243199,1.1624819884783488,-0.4185352578263713,-0.236040873808257,0.590486973054383]],"rows":7,"cols":7},{"data":[[-0.9718060427932713,-0.750361452933801,1.0863977452871032,-0.5193443001556243,0.3343429221089556,-0.09336643445996534,0.13741498166184718],[0.5902862111994986,0.19519632102342308,0.18182654507807558,0.5957361753771182,-0.975388783234851,0.16375785682738742,-1.197770831263096],[-0.6724468579122171,-0.9109931266262069,-0.007524337355822551,-0.15855408799177614,0.31621209673168815,-0.6065390563812365,-0.29395323827803216],[0.4147546991084472,1.0459766297104136,0.30404506203815795,0.39453945235573074,0.2973412078092945,1.161737813275044,0.23541604038795882],[0.019161174938392814,0.8789320410115492,0.022049890478551364,1.2009550158576279,-1.0142058990470337,1.0267969322144324,-0.827896851647433],[0.7054345058092557,-0.6531830244622392,0.8116670108714453,-0.6511366038157332,1.190558230289918,-0.5962657196977154,0.576482203322175],[-0.6266410242445937,0.6126749764620693,-0.6343668211072822,-0.6620076539138312,0.4220424168959544,-0.7327157219600378,-0.8235202440721499]],"rows":7,"cols":7},{"data":[[0.14115980944120804],[1.2027022732081583],[-0.10526251617953958],[1.2662628641584477],[-0.40463064982547015],[0.15811920601994145],[-1.2237925310284923]],"rows":7,"cols":1}],"biases":[{"data":[[-4.526293802078013,3.2482811667089355,4.00312908150968,-4.137576102588178,4.358431011657227,4.455596917595712,-3.863516086728418]],"rows":1,"cols":7},{"data":[[1.2772322877845965,-1.5818936169605275,2.355005488165495,-1.3544062925154947,-1.9944221345299866,1.9232599353568567,-0.8893981847621314]],"rows":1,"cols":7},{"data":[[-2.2961482561989066,0.10509203645820062,1.457270902124995,-1.8845213810311459,1.0533401137912553,-0.7861657158612316,1.6930058999240802]],"rows":1,"cols":7},{"data":[[136.2513390647206]],"rows":1,"cols":1}],"weight_deltas":[{"data":[[0,0,0,0,0,0,0],[0,0,0,0,0,0,0],[0,0,0,0,0,0,0],[0,0,0,0,0,0,0],[0,0,0,0,0,0,0],[0,0,0,0,0,0,0],[0,0,0,0,0,0,0],[0,0,0,0,0,0,0],[0,0,0,0,0,0,0],[0,0,0,0,0,0,0],[0,0,0,0,0,0,0],[0,0,0,0,0,0,0],[0,0,0,0,0,0,0]],"rows":13,"cols":7},{"data":[[0,0,0,0,0,0,0],[0,0,0,0,0,0,0],[0,0,0,0,0,0,0],[0,0,0,0,0,0,0],[0,0,0,0,0,0,0],[0,0,0,0,0,0,0],[0,0,0,0,0,0,0]],"rows":7,"cols":7},{"data":[[0,0,0,0,0,0,0],[0,0,0,0,0,0,0],[0,0,0,0,0,0,0],[0,0,0,0,0,0,0],[0,0,0,0,0,0,0],[0,0,0,0,0,0,0],[0,0,0,0,0,0,0]],"rows":7,"cols":7},{"data":[[0],[0],[0],[0],[0],[0],[0]],"rows":7,"cols":1}],"bias_deltas":[{"data":[[0,0,0,0,0,0,0]],"rows":1,"cols":7},{"data":[[0,0,0,0,0,0,0]],"rows":1,"cols":7},{"data":[[0,0,0,0,0,0,0]],"rows":1,"cols":7},{"data":[[0]],"rows":1,"cols":1}],"process":[{"data":[[null,null,null,null,null,null,null,null,null,null,null,null,null]],"rows":1,"cols":13},{"data":[[-0.9997657357021762,0.9969851619878203,0.9993331151004836,-0.9994903253451299,0.9996722850327664,0.9997301624684334,-0.99911836733594]],"rows":1,"cols":7},{"data":[[0.9999340327431882,-0.999934129203157,0.9997904795062509,-0.9998497943829082,-0.999970913077131,0.9999166505458786,-0.9994964775941823]],"rows":1,"cols":7},{"data":[[-0.9986013896992522,-0.9998978906958863,0.9980792725483025,-0.9998480848925193,0.9995172022574059,-0.9987822810477474,0.9998429528541648]],"rows":1,"cols":7},{"data":[[1]],"rows":1,"cols":1}]},"generator":{"type":"Fully_Connected_Network","activation_function_name":"softplus","activation_function":{},"learning_rate":1,"length":3,"width":13,